{
  "name": "SysML Systems Library",
  "version": "2.0.0-beta2",
  "description": "Standard semantic library for the Systems Modeling Language (SysML)",
  "usage": [
    {
      "resource": "https://www.omg.org/spec/KerML/20240201/Semantic-Library.kpar",
      "versionConstraint": "1.0.0-beta2"
    },
    {
      "resource": "https://www.omg.org/spec/KerML/20240201/Data-Type-Library.kpar",
      "versionConstraint": "1.0.0-beta2"
    },
    {
      "resource": "https://www.omg.org/spec/KerML/20240201/Function-Library.kpar",
      "versionConstraint": "1.0.0-beta2"
    }
  ]
}