{
  "index": {
    "BaseFunctions": "BaseFunctions.kerml",
    "BooleanFunctions": "BooleanFunctions.kerml",
    "CollectionFunctions": "CollectionFunctions.kerml",
    "ComplexFunctions": "ComplexFunctions.kerml",
    "ControlFunctions": "ControlFunctions.kerml",
    "DataFunctions": "DataFunctions.kerml",
    "IntegerFunctions": "IntegerFunctions.kerml",
    "NaturalFunctions": "NaturalFunctions.kerml",
    "NumericalFunctions": "NumericalFunctions.kerml",
    "OccurrenceFunctions": "OccurrenceFunctions.kerml",
    "RationalFunctions": "RationalFunctions.kerml",
    "RealFunctions": "RealFunctions.kerml",
    "ScalarFunctions": "ScalarFunctions.kerml",
    "SequenceFunctions": "SequenceFunctions.kerml",
    "StringFunctions": "StringFunctions.kerml",
    "TrigFunctions": "TrigFunctions.kerml",
    "VectorFunctions": "VectorFunctions.kerml"
  },
  "created": "2024-02-20T00:00:00Z",
  "metamodel": "https://www.omg.org/spec/KerML/20240201"
}