{
  "name": "SysML Metadata Library",
  "version": "2.0.0-beta2",
  "description": "Standard metadata domain library for the Systems Modeling Language (SysML)",
  "usage": [
    {
      "resource": "https://www.omg.org/spec/KerML/20240201/Semantic-Library.kpar",
      "versionConstraint": "1.0.0-beta2"
    },
    {
      "resource": "https://www.omg.org/spec/KerML/20240201/Data-Type-Library.kpar",
      "versionConstraint": "1.0.0-beta2"
    },
    {
      "resource": "https://www.omg.org/spec/SysML/20240201/Systems-Library.kpar",
      "versionConstraint": "2.0.0-beta2"
    }
  ]
}